{
	"Def":	"CameraDef",
	"Version":	1,
	"Position":	[68.020004272460938, 1.7022485733032227, 0.15830676257610321],
	"Angles":	[-23.3000431060791, 130.69960021972656]
}